{
  "epochs_run": 200,
  "first_perfect_epoch": 14,
  "train_losses": [
    0.9309333253789831,
    0.7045894552160192,
    0.6751840423654627,
    0.5920231618263103,
    0.6121584221168801,
    0.4304348682915723,
    0.52108167608579,
    0.41802821887864006,
    0.4605050241505658,
    0.3824698538691909,
    0.4205572859004692,
    0.38028658319402625,
    0.33389370640118915,
    0.3005996131234699,
    0.2779095779966425,
    0.31391588736463477,
    0.25963316637056844,
    0.2694908540557932,
    0.30504690552199326,
    0.2575706444956638,
    0.25197420338237725,
    0.2636361613317772,
    0.31011394604488657,
    0.25581793431882505,
    0.22184637354479897,
    0.30800944235589767,
    0.2423174480597178,
    0.2281621242011035,
    0.23497677290881122,
    0.17231889648569954,
    0.21073503378364775,
    0.1601422589134287,
    0.21665684851231398,
    0.1992215696308348,
    0.1849285634579482,
    0.1709159513314565,
    0.21493608035423137,
    0.20794438598332582,
    0.25228389849265415,
    0.16937628581568046,
    0.1750927505393823,
    0.17099065471578528,
    0.2050646800133917,
    0.1567038940610709,
    0.21465375660746186,
    0.1767756778884817,
    0.18204618521310664,
    0.12497321433491176,
    0.1724722123256436,
    0.10370880206701932,
    0.1566156925012668,
    0.14956489508902585,
    0.1859934169937063,
    0.1380250291139991,
    0.25142204113028666,
    0.12582881265768298,
    0.1568123481615826,
    0.13447003201064137,
    0.1333500214472965,
    0.16524503076518024,
    0.14938291893513114,
    0.23001983851470328,
    0.1641075321369701,
    0.1054153681077339,
    0.11710993704144601,
    0.13777636060560192,
    0.16084932687657852,
    0.10467177422510253,
    0.12848919616253288,
    0.1291597958792139,
    0.07928434400646775,
    0.18320518311251094,
    0.12652856346081803,
    0.10299737116804829,
    0.15658871277614875,
    0.15463733604108845,
    0.13394709328120505,
    0.14338569536253257,
    0.1280744955357578,
    0.12419814374987725,
    0.16523516040157388,
    0.10754194072689172,
    0.10887281417294785,
    0.10505279636493435,
    0.12932614768268885,
    0.11499317152494634,
    0.10592115049560864,
    0.09857596360422947,
    0.12598942330590002,
    0.10284730723058735,
    0.11554593096176784,
    0.11913982516637554,
    0.13148985478889058,
    0.1389149759930593,
    0.076003922632447,
    0.07727495556766237,
    0.12086215615272522,
    0.09849161551230484,
    0.17293012224965626,
    0.1112648451493846,
    0.11602790846868798,
    0.1272066354199692,
    0.12102381208980525,
    0.09426615145747308,
    0.1560873759013635,
    0.11190483746705232,
    0.11764728091657162,
    0.11825152569346958,
    0.1160898459730325,
    0.14982353033566917,
    0.11422309831336692,
    0.08542764970722298,
    0.07148875785922562,
    0.13285754013944556,
    0.11517370976852598,
    0.09001650861291974,
    0.04823813159708624,
    0.09191938048159634,
    0.14994034860973005,
    0.12384469296645235,
    0.08582663156644062,
    0.09548074903863447,
    0.07890867710941368,
    0.08538835330141915,
    0.1457231544924003,
    0.14855500327906124,
    0.0749090229747472,
    0.11373713943693373,
    0.1060076836772539,
    0.11206819886272704,
    0.03833296705313303,
    0.09720245528000372,
    0.14693922190754502,
    0.1289159625906635,
    0.07813582089902074,
    0.0732196961288099,
    0.12076085847285059,
    0.059487656138285445,
    0.13286133758999683,
    0.15382433820653846,
    0.09972369229352032,
    0.10933312001051726,
    0.09854638479925969,
    0.13420812730435971,
    0.09121425820652533,
    0.0867589630048584,
    0.07215092224241407,
    0.09403957605913833,
    0.06035873914758364,
    0.06039783698334186,
    0.12592167972966475,
    0.048932206437543584,
    0.09313208828852684,
    0.12038921633804286,
    0.12347917769242216,
    0.0582930219049255,
    0.09250594496175095,
    0.08081594937377506,
    0.11270652214686076,
    0.07656581858517947,
    0.07515093211636499,
    0.03944517392665148,
    0.13173613945643106,
    0.08782554742086816,
    0.06764382806917031,
    0.07939058128330442,
    0.07576981145474646,
    0.08070036015231852,
    0.06846217542058891,
    0.06465061381459236,
    0.050652081353796855,
    0.09478524886071682,
    0.08867131170161345,
    0.07586325008284163,
    0.06742740650143889,
    0.1665335384507974,
    0.08831289196731867,
    0.08735385095631634,
    0.11598382503898055,
    0.1057016145851877,
    0.08321143641929936,
    0.08560165776698678,
    0.10236603942596251,
    0.02717441472190398,
    0.05436567846616661,
    0.06032487046387461,
    0.08246862715869038,
    0.056774015779848454,
    0.09764799536033361,
    0.045249298180418986,
    0.09168055612179968,
    0.0914013071882504,
    0.10386974999198208,
    0.11501233990269678,
    0.049471289609317425,
    0.06972477198750884,
    0.08414669790201718,
    0.0786735739696909,
    0.04978340626176861,
    0.10348865130260863
  ],