{
  "epochs": 5,
  "learning_rate": 0.01,
  "momentum": 0.5,
  "train_losses": [
    0.6921047555446624,
    0.21389200805226963,
    0.16483913751443227,
    0.13807636059224607,
    0.12244111824631691
  ],
  "test_losses": [
    0.17460287551879883,
    0.1052501226425171,
    0.08018488397598267,
    0.06383931064605713,
    0.05829430437088013
  ],
  "train_accuracies": [
    78.11166666666666,
    93.72833333333334,
    95.12,
    95.955,
    96.31
  ],
  "test_accuracies": [
    94.52,
    96.75,
    97.45,
    97.98,
    98.05
  ]
}