{
  "config": {
    "patch_size": 7,
    "stride": 4,
    "embed_dim": 64,
    "depth": 4,
    "num_heads": 8,
    "mlp_dim": 160,
    "dropout": 0.1,
    "use_cls_token": true,
    "epochs": 10,
    "batch_size": 128,
    "lr": 0.001,
    "weight_decay": 0.0001,
    "optimizer": "adamw",
    "variant": "extension",
    "use_conv_stem": true,
    "stem_channels": 24,
    "classifier_hidden_dims": [
      160,
      80
    ]
  },
  "train_losses": [
    0.8064475257078807,
    0.17851825162967047,
    0.11719446335434913,
    0.08629543278316656,
    0.06948833926121394,
    0.059855450737973055,
    0.05175272469967604,
    0.04876704775740703,
    0.04275220064073801,
    0.039588114537919564
  ],
  "test_losses": [
    0.17577056274414063,
    0.09870869865417481,
    0.07096572856903076,
    0.05802640447616577,
    0.04767257595062256,
    0.051982329177856446,
    0.0424806188583374,
    0.045519477367401126,
    0.04656980562210083,
    0.0361044741153717
  ],
  "train_accuracies": [
    71.07833333333333,
    94.61833333333334,
    96.48,
    97.44333333333333,
    97.88666666666667,
    98.155,
    98.42666666666666,
    98.55,
    98.66,
    98.75
  ],
  "test_accuracies": [
    94.62,
    96.91,
    97.72,
    98.27,
    98.54,
    98.55,
    98.68,
    98.59,
    98.61,
    98.95
  ],
  "best_test_accuracy": 98.95,
  "best_epoch": 10,
  "final_test_accuracy": 98.95,
  "final_train_accuracy": 98.75,
  "total_parameters": 252618,
  "num_tokens": 36
}