{
  "config": {
    "patch_size": 4,
    "stride": 2,
    "embed_dim": 64,
    "depth": 4,
    "num_heads": 8,
    "mlp_dim": 160,
    "dropout": 0.1,
    "use_cls_token": true,
    "epochs": 15,
    "batch_size": 64,
    "lr": 0.001,
    "weight_decay": 0.0001,
    "optimizer": "adamw",
    "variant": "extension",
    "use_conv_stem": true,
    "stem_channels": 24,
    "classifier_hidden_dims": [
      160,
      80
    ]
  },
  "train_losses": [
    0.7526808542648952,
    0.15128265802661578,
    0.10841432836949826,
    0.08489651908402641,
    0.07406883556942145,
    0.06499796946371596,
    0.059570527168860035,
    0.05619409372769296,
    0.052496655699424445,
    0.0454183120250081,
    0.043730665670956174,
    0.041500807231354214,
    0.03798004905031994,
    0.037290752282304065,
    0.03616252757254988
  ],
  "test_losses": [
    0.14102403602600097,
    0.08741595726013184,
    0.0785024477005005,
    0.05001732168197632,
    0.054264072704315186,
    0.05048628969192505,
    0.06512228469848633,
    0.0455562876701355,
    0.041127257251739505,
    0.035483823215961455,
    0.03391993188858032,
    0.051300140285491944,
    0.034761009430885316,
    0.05720717630386352,
    0.044177374792098996
  ],
  "train_accuracies": [
    72.305,
    95.445,
    96.76666666666667,
    97.5,
    97.80666666666667,
    98.09,
    98.27666666666667,
    98.24833333333333,
    98.405,
    98.64666666666666,
    98.73,
    98.71833333333333,
    98.85666666666667,
    98.85666666666667,
    98.895
  ],
  "test_accuracies": [
    95.71,
    97.26,
    97.57,
    98.5,
    98.3,
    98.45,
    97.94,
    98.6,
    98.73,
    99.0,
    98.99,
    98.55,
    99.0,
    98.47,
    98.68
  ],
  "best_test_accuracy": 99.0,
  "best_epoch": 10,
  "final_test_accuracy": 98.68,
  "final_train_accuracy": 98.895,
  "total_parameters": 210442,
  "num_tokens": 169
}