{
  "config": {
    "patch_size": 4,
    "stride": 2,
    "embed_dim": 48,
    "depth": 4,
    "num_heads": 8,
    "mlp_dim": 128,
    "dropout": 0.1,
    "use_cls_token": false,
    "epochs": 15,
    "batch_size": 64,
    "lr": 0.001,
    "weight_decay": 0.0001,
    "optimizer": "adamw"
  },
  "train_losses": [
    0.7586094687143962,
    0.19032922895352045,
    0.1247130470842123,
    0.10146103595395883,
    0.08435290458699067,
    0.07220542616397142,
    0.06658148285448551,
    0.058839647977923355,
    0.054654454354693495,
    0.0527849604566892,
    0.04489596557319164,
    0.043506017645758885,
    0.04210134142550329,
    0.038499773037278404,
    0.03593652521710222
  ],
  "test_losses": [
    0.20044834518432617,
    0.11023878517150879,
    0.08596455955505371,
    0.06597813987731933,
    0.05660776443481445,
    0.05530582313537598,
    0.06120307006835937,
    0.053417486000061035,
    0.05586244926452637,
    0.04707188186645508,
    0.038342552280426025,
    0.04112647194862366,
    0.04603523283004761,
    0.03694705238342285,
    0.035212530040740965
  ],
  "train_accuracies": [
    72.25666666666666,
    94.08333333333333,
    96.13,
    96.89,
    97.425,
    97.76833333333333,
    97.925,
    98.14166666666667,
    98.235,
    98.36166666666666,
    98.60166666666667,
    98.60833333333333,
    98.65,
    98.785,
    98.855
  ],
  "test_accuracies": [
    93.74,
    96.68,
    97.2,
    97.95,
    98.29,
    98.37,
    98.03,
    98.28,
    98.35,
    98.7,
    98.75,
    98.74,
    98.58,
    98.82,
    98.93
  ],
  "best_test_accuracy": 98.93,
  "best_epoch": 15,
  "final_test_accuracy": 98.93,
  "final_train_accuracy": 98.855,
  "total_parameters": 104842,
  "num_tokens": 169
}